state,jurisdiction_name,geography_type,population,rejection_reason,email_found,source_urls,notes,official_site_found,planning_page_found,pages_fetched_count,pdfs_fetched_count,raw_emails_found_count,generic_emails_found_count,candidate_titles_found_count,direct_email_candidates_count,best_rejection_reason,search_urls_found,search_urls_fetched,manual_url_used,manual_url_result,candidate_source_url,email_source_url,discovery_method,jurisdiction_match_notes,candidate_name,candidate_title
PA,Erie,city,94156,no_planning_contact_found,,https://www.erie.gov/,raw_emails=; generic=,yes,no,1,0,0,0,0,0,no_planning_contact_found,0,0,,,,,,,,
WA,Richland,city,61912,no_official_site_found,,,Could not resolve official website (guess + one search),no,no,0,0,0,0,0,0,no_official_site_found,5,0,,,,,,,,
MT,Great Falls,city,60412,no_planning_contact_found,,https://www.greatfallsmt.gov/directory; https://www.greatfallsmt.gov/Directory.aspx; https://www.greatfallsmt.gov/Directory.aspx?did=34; https://www.greatfallsmt.gov/directory.aspx?EID=245; https://www.greatfallsmt.gov/directory.aspx?EID=132; https://www.greatfallsmt.gov/directory.aspx?EID=129; https://www.greatfallsmt.gov/286/Planning-and-Community-Development; https://www.greatfallsmt.gov/616/Planning-Zoning,raw_emails=; generic=,yes,yes,10,0,0,0,4,0,no_planning_contact_found,0,0,,,,,,,,
WI,West Allis,city,59588,no_official_site_found,,,Could not resolve official website (guess + one search),no,no,0,0,0,0,0,0,no_official_site_found,5,0,,,,,,,,
WA,Shoreline,city,59280,no_official_site_found,,,Could not resolve official website (guess + one search),no,no,0,0,0,0,0,0,no_official_site_found,5,0,,,,,,,,
PA,Lancaster,city,57683,no_official_site_found,,,Could not resolve official website (guess + one search),no,no,0,0,0,0,0,0,no_official_site_found,5,0,,,,,,,,
WA,Olympia,city,55583,no_official_site_found,,,Could not resolve official website (guess + one search),no,no,0,0,0,0,0,0,no_official_site_found,5,0,,,,,,,,
GA,Valdosta,city,55222,no_official_site_found,,,Could not resolve official website (guess + one search),no,no,0,0,0,0,0,0,no_official_site_found,5,0,,,,,,,,
MT,Bozeman,city,55042,no_official_site_found,,,Could not resolve official website (guess + one search),no,no,0,0,0,0,0,0,no_official_site_found,5,0,,,,,,,,
FL,Bonita Springs,city,54830,no_official_site_found,,,Could not resolve official website (guess + one search),no,no,0,0,0,0,0,0,no_official_site_found,5,0,,,,,,,,
MI,Kentwood,city,54114,no_official_site_found,,,Could not resolve official website (guess + one search),no,no,0,0,0,0,0,0,no_official_site_found,5,0,,,,,,,,
FL,Pensacola,city,54011,no_official_site_found,,,Could not resolve official website (guess + one search),no,no,0,0,0,0,0,0,no_official_site_found,5,0,,,,,,,,
FL,Winter Haven,city,52846,no_official_site_found,,,Could not resolve official website (guess + one search),no,no,0,0,0,0,0,0,no_official_site_found,5,0,,,,,,,,
MI,Battle Creek,city,52392,no_planning_contact_found,,https://www.battlecreekmi.gov/planning; https://www.battlecreekmi.gov/212/Planning-Zoning; https://www.battlecreekmi.gov/181/Community-Development; https://www.battlecreekmi.gov/354/Neighborhood-Planning-Councils; https://www.battlecreekmi.gov/386/Neighborhood-Planning-Council-Reports; https://www.battlecreekmi.gov/directory; https://www.battlecreekmi.gov/Directory.aspx; https://www.battlecreekmi.gov/72/Employees-Only,"raw_emails=hhguzzo@battlecreekmi.gov, intake@battlecreekmi.gov, testold@domain.org; generic=",yes,yes,10,0,3,0,0,0,no_planning_contact_found,0,0,,,,,,,,
WI,La Crosse,city,51791,no_official_site_found,,,Could not resolve official website (guess + one search),no,no,0,0,0,0,0,0,no_official_site_found,5,0,,,,,,,,
GA,Dunwoody,city,51563,no_official_site_found,,,Could not resolve official website (guess + one search),no,no,0,0,0,0,0,0,no_official_site_found,5,0,,,,,,,,
WA,Burien,city,51331,no_official_site_found,,,Could not resolve official website (guess + one search),no,no,0,0,0,0,0,0,no_official_site_found,5,0,,,,,,,,
CT,Milford city (balance),city,50749,no_official_site_found,,,Could not resolve official website (guess + one search),no,no,0,0,0,0,0,0,no_official_site_found,5,0,,,,,,,,
PA,Harrisburg,city,50092,no_official_site_found,,,Could not resolve official website (guess + one search),no,no,0,0,0,0,0,0,no_official_site_found,5,0,,,,,,,,
FL,Coral Gables,city,49243,no_official_site_found,,,Could not resolve official website (guess + one search),no,no,0,0,0,0,0,0,no_official_site_found,5,0,,,,,,,,
FL,Titusville,city,49004,no_planning_contact_found,,https://www.titusvillefl.us/,raw_emails=; generic=,yes,no,1,0,0,0,0,0,no_planning_contact_found,0,0,,,,,,,,
FL,Fort Pierce,city,48094,no_official_site_found,,,Could not resolve official website (guess + one search),no,no,0,0,0,0,0,0,no_official_site_found,5,0,,,,,,,,
FL,Ocoee,city,47885,no_official_site_found,,,Could not resolve official website (guess + one search),no,no,0,0,0,0,0,0,no_official_site_found,5,0,,,,,,,,
WI,Wauwatosa,city,47718,no_official_site_found,,,Could not resolve official website (guess + one search),no,no,0,0,0,0,0,0,no_official_site_found,5,0,,,,,,,,
CT,Middletown,city,47646,no_planning_contact_found,,https://www.middletownct.gov/directory; https://www.middletownct.gov/Directory.aspx; https://www.middletownct.gov/Directory.aspx?did=11; https://www.middletownct.gov/Directory.aspx?did=12; https://www.middletownct.gov/; https://www.middletownct.gov/171/Finance-Department; https://www.middletownct.gov/172/Purchasing-Department; https://www.middletownct.gov/156/Departments-A---F,"raw_emails=cbillings@russelllibrary.orgsponsored, diana.doyle@middletownct.gov, necole.carr@middletownct.gov, carl.erlacher@middletownct.gov, nikoleta.mctigue@middletownct.gov; generic=",yes,yes,10,0,6,0,1,0,no_planning_contact_found,0,0,,,,,,,,
MI,Roseville,city,47240,no_official_site_found,,,Could not resolve official website (guess + one search),no,no,0,0,0,0,0,0,no_official_site_found,5,0,,,,,,,,
FL,Winter Garden,city,47182,no_official_site_found,,,Could not resolve official website (guess + one search),no,no,0,0,0,0,0,0,no_official_site_found,5,0,,,,,,,,
RI,East Providence,city,46970,no_official_site_found,,,Could not resolve official website (guess + one search),no,no,0,0,0,0,0,0,no_official_site_found,5,0,,,,,,,,
VA,Charlottesville,city,45863,no_planning_contact_found,,https://www.charlottesville.gov/directory; https://www.charlottesville.gov/Directory.aspx; https://www.charlottesville.gov/Directory.aspx?did=244; https://www.charlottesville.gov/formcenter/Boards-Commissions-37/Email-Contact-Form-for-Planning-Commissi-230; https://www.charlottesville.gov/Directory.aspx?did=262; https://www.charlottesville.gov/; https://www.charlottesville.gov/contact,raw_emails=; generic=,yes,yes,7,0,0,0,1,0,no_planning_contact_found,0,0,,,,,,,,
FL,Altamonte Springs,city,45657,no_official_site_found,,,Could not resolve official website (guess + one search),no,no,0,0,0,0,0,0,no_official_site_found,5,0,,,,,,,,
MI,East Lansing,city,45394,no_official_site_found,,,Could not resolve official website (guess + one search),no,no,0,0,0,0,0,0,no_official_site_found,5,0,,,,,,,,
FL,Clermont,city,44984,no_planning_contact_found,,https://www.clermontfl.gov/directory; https://www.clermontfl.gov/Directory.aspx; https://www.clermontfl.gov/Directory.aspx?did=28; https://www.clermontfl.gov/Directory.aspx?did=44; https://www.clermontfl.gov/; https://www.clermontfl.gov/149/Departments; https://www.clermontfl.gov/173/Planning-Division-Development-Review; https://www.clermontfl.gov/178/Zoning-Division,raw_emails=businesstax@clermontfl.org; generic=,yes,yes,10,0,1,0,0,0,no_planning_contact_found,0,0,,,,,,,,
PA,York,city,44830,no_planning_contact_found,,https://yorkcountypa.gov/directory; https://yorkcountypa.gov/Directory.aspx; https://yorkcountypa.gov/Directory.aspx?did=11; https://yorkcountypa.gov/Directory.aspx?did=19; https://yorkcountypa.gov/; https://yorkcountypa.gov/27/Government; https://yorkcountypa.gov/544/Dependent-Care-Planning; https://yorkcountypa.gov/FormCenter/Children-Youth-Families-9/Children-Youth-Families-Contact-Us-51,raw_emails=mgmelhorn@yorkcountypa.gov; generic=,yes,yes,10,0,1,0,0,0,no_planning_contact_found,5,0,,,,,,,,
FL,North Lauderdale,city,44650,no_official_site_found,,,Could not resolve official website (guess + one search),no,no,0,0,0,0,0,0,no_official_site_found,5,0,,,,,,,,
VT,Burlington,city,44649,no_planning_contact_found,,https://www.burlingtonvt.gov/directory; https://www.burlingtonvt.gov/Directory.aspx; https://www.burlingtonvt.gov/Directory.aspx?did=38; https://www.burlingtonvt.gov/279/Planning; https://www.burlingtonvt.gov/318/Long-Range-Planning; https://www.burlingtonvt.gov/893/Current-Planning-Projects; https://www.burlingtonvt.gov/796/Burlington-Planning-Commission; https://www.burlingtonvt.gov/279/City-Planning,raw_emails=burlingtontownclerk@burlingtonvt.gov; generic=,yes,yes,10,0,1,0,1,0,no_planning_contact_found,0,0,,,,,,,,
WI,Fond du Lac,city,44491,no_official_site_found,,,Could not resolve official website (guess + one search),no,no,0,0,0,0,0,0,no_official_site_found,5,0,,,,,,,,
PA,Wilkes-Barre,city,44217,no_official_site_found,,,Could not resolve official website (guess + one search),no,no,0,0,0,0,0,0,no_official_site_found,5,0,,,,,,,,
GA,Gainesville,city,44051,no_planning_contact_found,,https://www.gainesvillega.us/planning-and-zoning; https://www.gainesvillega.us/planning; https://www.gainesvillega.us/departments/planning; https://www.gainesvillega.us/community-development; https://www.gainesvillega.us/development-services; https://www.gainesvillega.us/staff; https://www.gainesvillega.us/directory; https://www.gainesvillega.us/Directory.aspx,raw_emails=; generic=,yes,yes,10,0,0,0,0,0,no_planning_contact_found,0,0,,,,,,,,
MI,Saginaw,city,43879,no_planning_contact_found,,https://www.saginawcountymi.gov/; https://www.saginawcountymi.gov/services-information/directory; https://www.saginawcountymi.gov/departments; https://www.saginawcountymi.gov/departments/animal-care-control; https://www.saginawcountymi.gov/departments/board-of-commissioners; https://www.saginawcountymi.gov/departments/commission-on-aging; https://www.saginawcountymi.gov/departments/county-administrator-and-finance; https://www.saginawcountymi.gov/departments/county-administrator-and-finance/retirement-administration,raw_emails=; generic=,yes,no,10,0,0,0,0,0,no_planning_contact_found,5,0,,,,,,,,
FL,Ormond Beach,city,43514,no_official_site_found,,,Could not resolve official website (guess + one search),no,no,0,0,0,0,0,0,no_official_site_found,5,0,,,,,,,,
PA,Altoona,city,43508,no_planning_contact_found,,https://www.altoonapa.gov/; https://www.altoonapa.gov/departments/community-development; https://www.altoonapa.gov/contact-forms/departments/community-development; https://www.altoonapa.gov/departments/community-development/minority-and-women-owned-business-enterprises-mbe-wbe; https://www.altoonapa.gov/contact-forms/departments/community-development/mbe-wbe; https://www.altoonapa.gov/departments/community-development/fair-housing; https://www.altoonapa.gov/contact-forms/departments/it/website-feedback; https://www.altoonapa.gov/contact-forms/departments/public-works/city-roadway-maintenance-concern-dead-animal,raw_emails=jaime@summitlegal.org; generic=,yes,yes,10,0,1,0,0,0,no_planning_contact_found,0,0,,,,,,,,
FL,North Miami Beach,city,43104,no_official_site_found,,,Could not resolve official website (guess + one search),no,no,0,0,0,0,0,0,no_official_site_found,5,0,,,,,,,,
RI,Woonsocket,city,43074,no_official_site_found,,,Could not resolve official website (guess + one search),no,no,0,0,0,0,0,0,no_official_site_found,5,0,,,,,,,,
WA,Edmonds,city,42783,no_official_site_found,,,Could not resolve official website (guess + one search),no,no,0,0,0,0,0,0,no_official_site_found,5,0,,,,,,,,
VA,Manassas,city,42674,only_generic_email_found,noreply@revize.com,https://www.manassasva.gov/planning-and-zoning; https://www.manassasva.gov/planning; https://www.manassasva.gov/community_development/planning_and_zoning/2045_comprehensive_plan.php; https://www.manassasva.gov/community_development/planning_and_zoning/city_departments/index.php; https://www.manassasva.gov/community_development/planning_and_zoning/city_departments/how_do_i_/view/contacts/index.php; https://www.manassasva.gov/community_development/planning_and_zoning/city_departments/how_do_i_/view/contacts/employee_portal/employee_portal.php; https://www.manassasva.gov/community_development/planning_and_zoning/city_departments/how_do_i_/view/contacts/employee_portal; https://www.manassasva.gov/community_development/planning_and_zoning/city_departments/how_do_i_/view/contacts/employee_portal/index.php,"raw_emails=noreply@revize.com, webpageupdate_subscribers@revize.com, planningdevelopment@ci.manassas.va.us",yes,yes,10,0,3,1,0,0,only_generic_email_found,0,0,,,,,,,,
FL,Lake Worth Beach,city,42650,no_official_site_found,,,Could not resolve official website (guess + one search),no,no,0,0,0,0,0,0,no_official_site_found,5,0,,,,,,,,
MI,Midland,city,42461,only_generic_email_found,planning@midland-mi.org,https://cityofmidlandmi.gov/planning; https://cityofmidlandmi.gov/1768/Community-Development-Block-Grant-Progra; https://cityofmidlandmi.gov/438/Planning; https://cityofmidlandmi.gov/directory; https://cityofmidlandmi.gov/Directory.aspx; https://cityofmidlandmi.gov/directory.aspx; https://cityofmidlandmi.gov/Directory.aspx?DID=28; https://cityofmidlandmi.gov/,raw_emails=planning@midland-mi.org,yes,yes,10,0,1,1,0,0,only_generic_email_found,5,0,,,,,,,,
WI,Brookfield,city,41592,no_official_site_found,,,Could not resolve official website (guess + one search),no,no,0,0,0,0,0,0,no_official_site_found,5,0,,,,,,,,
CT,Shelton,city,41402,no_planning_contact_found,,https://www.shelton-ct.gov/; https://www.shelton-ct.gov/p/planning-and-zoning-commission; https://www.shelton-ct.gov/p/planning-and-zoning-pocd-subcommittee; https://www.shelton-ct.gov/p/planning-zoning-commission; https://www.shelton-ct.gov/p/zoning-planning; https://www.shelton-ct.gov/p/public-employees-appeals-board; https://www.shelton-ct.gov/p/city-departments; https://www.shelton-ct.gov/p/community-development,"raw_emails=20winoppel@gmail.com, 20robertjcristiano@gmail.com, ckellyiii@aol.comelaine, mattm5487@gmail.com, ginnyxg350green@yahoo.comcharles; generic=",yes,yes,10,0,29,0,1,0,no_planning_contact_found,0,0,,,,,,,,
GA,Milton,city,41305,no_official_site_found,,,Could not resolve official website (guess + one search),no,no,0,0,0,0,0,0,no_official_site_found,5,0,,,,,,,,
FL,Hallandale Beach,city,41224,no_planning_contact_found,,https://www.hallandalebeachfl.gov/directory; https://www.hallandalebeachfl.gov/Directory.aspx; https://www.hallandalebeachfl.gov/Directory.aspx?did=23; https://www.hallandalebeachfl.gov/Directory.aspx?did=63; https://www.hallandalebeachfl.gov/; https://www.hallandalebeachfl.gov/8/Departments; https://www.hallandalebeachfl.gov/1040/Planning-and-Zoning-Division; https://www.hallandalebeachfl.gov/1041/Development-Projects-Planning-Initiative,"raw_emails=planningandzoningdivision@hallandalebeachfl.gov, michael_kane@sheriff.org, gmariot@cohb.org, information@cohb.org, rdabney-donovan@cohb.org; generic=",yes,yes,10,0,7,0,0,0,no_planning_contact_found,0,0,,,,,,,,
WA,Lynnwood,city,40953,only_generic_email_found,planning@lynnwoodwa.gov,https://www.lynnwoodwa.gov/; https://www.lynnwoodwa.gov/Services/Apply-for-a-Permit/Planning-Zoning; https://www.lynnwoodwa.gov/Services/Apply-for-a-Permit/Planning-Zoning?OC_EA_EmergencyAnnouncementList_Dismiss=16c2d162-8150-4b89-9f58-64305a5ac2ef; https://www.lynnwoodwa.gov/Services/Apply-for-a-Permit/Planning-Zoning?oc_lang=en-US; https://www.lynnwoodwa.gov/Services/Apply-for-a-Permit/Planning-Zoning?oc_lang=es; https://www.lynnwoodwa.gov/Services/Apply-for-a-Permit/Planning-Zoning?oc_lang=ko; https://www.lynnwoodwa.gov/Government/Contact-Us/Compliment-a-City-Employee; https://www.lynnwoodwa.gov/Government/Contact-Us/Compliment-a-City-Employee?oc_lang=en-US,"raw_emails=planning@lynnwoodwa.gov, lrobinson@lynnwoodwa.gov",yes,yes,10,0,2,1,0,0,only_generic_email_found,0,0,,,,,,,,
WI,New Berlin,city,40384,no_planning_contact_found,,https://www.newberlinwi.gov/directory; https://www.newberlinwi.gov/Directory.aspx; https://www.newberlinwi.gov/Directory.aspx?did=9; https://www.newberlinwi.gov/directory.aspx; https://www.newberlinwi.gov/; https://www.newberlinwi.gov/8/Departments,raw_emails=; generic=,yes,no,6,0,0,0,1,0,no_planning_contact_found,0,0,,,,,,,,
OR,Lake Oswego,city,40367,no_official_site_found,,,Could not resolve official website (guess + one search),no,no,0,0,0,0,0,0,no_official_site_found,5,0,,,,,,,,
FL,Plant City,city,40009,no_official_site_found,,,Could not resolve official website (guess + one search),no,no,0,0,0,0,0,0,no_official_site_found,5,0,,,,,,,,
CT,Norwich,city,39992,no_planning_contact_found,,https://www.norwichct.us/planning-and-zoning; https://www.norwichct.us/planning; https://www.norwichct.us/departments/planning; https://www.norwichct.us/community-development; https://www.norwichct.us/development-services; https://www.norwichct.us/staff; https://www.norwichct.us/directory; https://www.norwichct.us/Directory.aspx,raw_emails=; generic=,yes,yes,10,0,0,0,0,0,no_planning_contact_found,0,0,,,,,,,,
FL,Oviedo,city,39990,no_official_site_found,,,Could not resolve official website (guess + one search),no,no,0,0,0,0,0,0,no_official_site_found,5,0,,,,,,,,
WI,Wausau,city,39893,no_official_site_found,,,Could not resolve official website (guess + one search),no,no,0,0,0,0,0,0,no_official_site_found,5,0,,,,,,,,
MI,Lincoln Park,city,39511,no_official_site_found,,,Could not resolve official website (guess + one search),no,no,0,0,0,0,0,0,no_official_site_found,5,0,,,,,,,,
WA,Lake Stevens,city,39500,no_planning_contact_found,,https://www.lakestevenswa.gov/directory; https://www.lakestevenswa.gov/Directory.aspx; https://www.lakestevenswa.gov/Directory.aspx?did=9; https://www.lakestevenswa.gov/directory.aspx?EID=122; https://www.lakestevenswa.gov/directory.aspx?EID=17; https://www.lakestevenswa.gov/Directory.aspx?did=7; https://www.lakestevenswa.gov/,raw_emails=; generic=,yes,no,7,0,0,0,3,0,no_planning_contact_found,0,0,,,,,,,,
DE,Dover,city,39491,no_planning_contact_found,,,No staff/planning pages returned content on official domain,yes,no,0,0,0,0,0,0,no_planning_contact_found,0,0,,,,,,,,
WA,Issaquah,city,39472,no_official_site_found,,,Could not resolve official website (guess + one search),no,no,0,0,0,0,0,0,no_official_site_found,5,0,,,,,,,,
FL,Aventura,city,39372,no_official_site_found,,,Could not resolve official website (guess + one search),no,no,0,0,0,0,0,0,no_official_site_found,5,0,,,,,,,,
OR,Grants Pass,city,39183,no_planning_contact_found,,https://www.grantspassoregon.gov/2197/America/planning-and-zoning; https://www.grantspassoregon.gov/2197/America/planning; https://www.grantspassoregon.gov/2197/America/community-development; https://www.grantspassoregon.gov/2197/America/development-services; https://www.grantspassoregon.gov/2197/America/staff; https://www.grantspassoregon.gov/2197/America/directory; https://www.grantspassoregon.gov/2197/America/Directory.aspx; https://www.grantspassoregon.gov/Directory.aspx,raw_emails=; generic=,yes,yes,10,0,0,0,0,0,no_planning_contact_found,5,0,,,,,,,,
OR,Keizer,city,39013,no_official_site_found,,,Could not resolve official website (guess + one search),no,no,0,0,0,0,0,0,no_official_site_found,5,0,,,,,,,,
FL,Winter Springs,city,38448,no_official_site_found,,,Could not resolve official website (guess + one search),no,no,0,0,0,0,0,0,no_official_site_found,5,0,,,,,,,,
GA,East Point,city,38233,no_official_site_found,,,Could not resolve official website (guess + one search),no,no,0,0,0,0,0,0,no_official_site_found,5,0,,,,,,,,
FL,Riviera Beach,city,38032,no_official_site_found,,,Could not resolve official website (guess + one search),no,no,0,0,0,0,0,0,no_official_site_found,5,0,,,,,,,,
WA,Longview,city,37836,no_official_site_found,,,Could not resolve official website (guess + one search),no,no,0,0,0,0,0,0,no_official_site_found,5,0,,,,,,,,
GA,Rome,city,37754,no_planning_contact_found,,https://www.romega.gov/planning; https://www.romega.gov/235/Planning-Commission; https://www.romega.gov/AgendaCenter/Planning-Commission-4; https://www.romega.gov/directory; https://www.romega.gov/Directory.aspx; https://www.romega.gov/directory.aspx; https://www.romega.gov/directory.aspx?did=46; https://www.romega.gov/285/Planning-Zoning,raw_emails=; generic=,yes,yes,10,0,0,0,3,0,no_planning_contact_found,0,0,,,,,,,,
OR,Oregon City,city,37482,no_planning_contact_found,,https://www.oregon.gov/; https://www.oregon.gov/pages/agencies.aspx,raw_emails=; generic=,yes,no,2,0,0,0,0,0,no_planning_contact_found,0,0,,,,,,,,
WI,Greenfield,city,37361,no_planning_contact_found,,https://www.greenfieldwi.gov/planning-and-zoning; https://www.greenfieldwi.gov/planning; https://www.greenfieldwi.gov/departments/planning; https://www.greenfieldwi.gov/community-development; https://www.greenfieldwi.gov/development-services; https://www.greenfieldwi.gov/staff; https://www.greenfieldwi.gov/directory; https://www.greenfieldwi.gov/Directory.aspx,raw_emails=; generic=,yes,yes,10,0,0,0,0,0,no_planning_contact_found,0,0,,,,,,,,
MI,Muskegon,city,37203,no_official_site_found,,,Could not resolve official website (guess + one search),no,no,0,0,0,0,0,0,no_official_site_found,5,0,,,,,,,,
GA,Tucker,city,37022,no_official_site_found,,,Could not resolve official website (guess + one search),no,no,0,0,0,0,0,0,no_official_site_found,5,0,,,,,,,,
WI,Beloit,city,36554,no_official_site_found,,,Could not resolve official website (guess + one search),no,no,0,0,0,0,0,0,no_official_site_found,5,0,,,,,,,,
WI,Oak Creek,city,36473,no_official_site_found,,,Could not resolve official website (guess + one search),no,no,0,0,0,0,0,0,no_official_site_found,5,0,,,,,,,,
WI,Sun Prairie,city,36455,only_generic_email_found,clerk@townofsunprairie.wi.gov,https://www.townofsunprairie.wi.gov/staff; https://www.townofsunprairie.wi.gov/; https://www.townofsunprairie.wi.gov/zoning; https://www.townofsunprairie.wi.gov/town-information/building-permits,"raw_emails=treasurer@townofsunprairie.wi.gov, patrolman@townofsunprairie.wi.gov, plan@townofsunprairie.wi.gov, jtrebian@generalengineering.net, clerk@townofsunprairie.wi.gov",yes,no,4,0,7,1,0,0,only_generic_email_found,5,0,,,,,,,,
GA,Woodstock,city,36297,only_generic_email_found,noreply@woodstockga.gov,https://www.woodstockga.gov/planning; https://www.woodstockga.gov/your_government/departments/community_development/planning_and_zoning.php; https://www.woodstockga.gov/your_government/departments/community_development/current_planning___zoning.php; https://www.woodstockga.gov/your_government/departments/community_development/long_range_planning.php; https://www.woodstockga.gov/your_government/departments/community_development/planning_commission.php; https://www.woodstockga.gov/your_government/staff_directory.php; https://www.woodstockga.gov/your_government/facilities_directory.php; https://www.woodstockga.gov/,"raw_emails=webpageupdate_subscribers@revize.com, noreply@woodstockga.gov",yes,yes,10,0,2,1,2,0,only_generic_email_found,0,0,,,,,,,,
FL,Dunedin,city,36060,no_official_site_found,,,Could not resolve official website (guess + one search),no,no,0,0,0,0,0,0,no_official_site_found,5,0,,,,,,,,
FL,Lauderdale Lakes,city,35924,no_official_site_found,,,Could not resolve official website (guess + one search),no,no,0,0,0,0,0,0,no_official_site_found,5,0,,,,,,,,
FL,Parkland,city,35799,no_official_site_found,,,Could not resolve official website (guess + one search),no,no,0,0,0,0,0,0,no_official_site_found,5,0,,,,,,,,
CT,Torrington,city,35481,no_planning_contact_found,,https://www.torringtonct-pd.gov/directory; https://www.torringtonct-pd.gov/Directory.aspx; https://www.torringtonct-pd.gov/Directory.aspx?did=20; https://www.torringtonct-pd.gov/directory.aspx; https://www.torringtonct-pd.gov/; https://www.torringtonct-pd.gov/FormCenter/Contact-6/Contact-Us-47,raw_emails=; generic=,yes,no,6,0,0,0,0,0,no_planning_contact_found,5,0,,,,,,,,
GA,Stockbridge,city,35475,no_official_site_found,,,Could not resolve official website (guess + one search),no,no,0,0,0,0,0,0,no_official_site_found,5,0,,,,,,,,
WA,Mount Vernon,city,35312,no_planning_contact_found,,https://www.mountvernonwa.gov/directory; https://www.mountvernonwa.gov/Directory.aspx; https://www.mountvernonwa.gov/Directory.aspx?did=25; https://www.mountvernonwa.gov/Directory.aspx?did=23; https://www.mountvernonwa.gov/; https://www.mountvernonwa.gov/8/Departments; https://www.mountvernonwa.gov/117/Development-Services; https://www.mountvernonwa.gov/1322/Planning,"raw_emails=mvmayor@mountvernonwa.gov, permittech@mountvernonwa.gov; generic=",yes,yes,10,0,2,0,2,0,no_planning_contact_found,0,0,,,,,,,,
GA,Hinesville,city,35282,no_official_site_found,,,Could not resolve official website (guess + one search),no,no,0,0,0,0,0,0,no_official_site_found,5,0,,,,,,,,
MI,Novi,city,66224,no_official_site_found,,,Could not resolve official website (guess + one search),no,no,0,0,0,0,0,0,no_official_site_found,5,0,,,,,,,,
MI,Dearborn Heights,city,62099,only_generic_email_found,building.dept@dearbornheightsmi.gov,https://www.dearbornheightsmi.gov/directory; https://www.dearbornheightsmi.gov/Directory.aspx; https://www.dearbornheightsmi.gov/Directory.aspx?did=33; https://www.dearbornheightsmi.gov/Directory.aspx?did=34; https://www.dearbornheightsmi.gov/; https://www.dearbornheightsmi.gov/101/Departments; https://www.dearbornheightsmi.gov/303/Building-Department; https://www.dearbornheightsmi.gov/CivicAlerts.aspx?AID=269,raw_emails=building.dept@dearbornheightsmi.gov,yes,no,10,0,1,1,0,0,only_generic_email_found,0,0,,,,,,,,
MI,Pontiac,city,61914,no_official_site_found,,,Could not resolve official website (guess + one search),no,no,0,0,0,0,0,0,no_official_site_found,5,0,,,,,,,,
CT,Bristol,city,61129,no_planning_contact_found,,https://www.bristolct.gov/planning; https://www.bristolct.gov/106/Planning-Commission; https://www.bristolct.gov/directory; https://www.bristolct.gov/Directory.aspx; https://www.bristolct.gov/directory.aspx; https://www.bristolct.gov/Directory.aspx?did=8; https://www.bristolct.gov/; https://www.bristolct.gov/zoning,"raw_emails=dawnnielsen@bristolct.gov, dawnleger@bristolct.gov; generic=",yes,yes,10,0,2,0,0,0,no_planning_contact_found,0,0,,,,,,,,
CT,Meriden,city,60418,no_official_site_found,,,Could not resolve official website (guess + one search),no,no,0,0,0,0,0,0,no_official_site_found,5,0,,,,,,,,
FL,Palm Beach Gardens,city,59751,no_official_site_found,,,Could not resolve official website (guess + one search),no,no,0,0,0,0,0,0,no_official_site_found,5,0,,,,,,,,
FL,Margate,city,58418,no_official_site_found,,,Could not resolve official website (guess + one search),no,no,0,0,0,0,0,0,no_official_site_found,5,0,,,,,,,,
MI,St. Clair Shores,city,58287,no_official_site_found,,,Could not resolve official website (guess + one search),no,no,0,0,0,0,0,0,no_official_site_found,5,0,,,,,,,,
MI,Royal Oak,city,57880,no_official_site_found,,,Could not resolve official website (guess + one search),no,no,0,0,0,0,0,0,no_official_site_found,5,0,,,,,,,,
FL,Coconut Creek,city,57587,no_planning_contact_found,,https://www.coconutcreek.gov/planning; https://www.coconutcreek.gov/directory; https://www.coconutcreek.gov/government/city-directory/city-attorney; https://www.coconutcreek.gov/government/city-directory/city-clerk; https://www.coconutcreek.gov/government/city-directory/city-manager; https://www.coconutcreek.gov/; https://www.coconutcreek.gov/zoning; https://www.coconutcreek.gov/contact-us,"raw_emails=publicrecords@coconutcreek.gov, dgrant@coconutcreek.gov, mbowers@coconutcreek.gov, dnowak@coconutcreek.gov, jkavanagh@coconutcreek.gov; generic=",yes,yes,10,0,18,0,0,0,no_planning_contact_found,0,0,,,,,,,,
GA,Brookhaven,city,57224,no_official_site_found,,,Could not resolve official website (guess + one search),no,no,0,0,0,0,0,0,no_official_site_found,5,0,,,,,,,,
OR,Albany,city,56773,only_generic_email_found,cd.customerservice@albanyoregon.gov,https://albanyoregon.gov/planning-and-zoning; https://albanyoregon.gov/planning; https://albanyoregon.gov/departments/planning; https://albanyoregon.gov/community-development; https://albanyoregon.gov/development-services; https://albanyoregon.gov/staff; https://albanyoregon.gov/directory; https://albanyoregon.gov/Directory.aspx,raw_emails=cd.customerservice@albanyoregon.gov,yes,yes,10,0,1,1,0,0,only_generic_email_found,5,0,,,,,,,,
FL,Bradenton,city,56289,no_planning_contact_found,,https://www.bradentonfl.gov/planning; https://www.bradentonfl.gov/departments/planning; https://www.bradentonfl.gov/Directory.aspx; https://www.bradentonfl.gov/employees; https://www.bradentonfl.gov/; https://www.bradentonfl.gov/departments; https://www.bradentonfl.gov/contactus; https://www.bradentonfl.gov/compplan,raw_emails=; generic=,yes,yes,10,0,0,0,1,0,no_planning_contact_found,0,0,,,,,,,,
GA,Smyrna,city,56285,no_official_site_found,,,Could not resolve official website (guess + one search),no,no,0,0,0,0,0,0,no_official_site_found,5,0,,,,,,,,
FL,Sarasota,city,56218,no_planning_contact_found,,https://www.sarasotafl.gov/departments/planning; https://www.sarasotafl.gov/Department-Pages/Planning/Active-Zoning-Text-Amendments; https://www.sarasotafl.gov/Department-Pages/Planning/Active-Zoning-Text-Amendments?oc_lang=en-US; https://www.sarasotafl.gov/Department-Pages/Planning/Active-Zoning-Text-Amendments?oc_lang=es; https://www.sarasotafl.gov/Department-Pages/Planning/Active-Zoning-Text-Amendments?oc_lang=fr; https://www.sarasotafl.gov/Departments/Staff-Directory; https://www.sarasotafl.gov/Departments/Staff-Directory?oc_lang=en-US; https://www.sarasotafl.gov/Departments/Staff-Directory?oc_lang=es,raw_emails=contactus@sarasotafl.gov; generic=,yes,yes,10,0,1,0,0,0,no_planning_contact_found,0,0,,,,,,,,
FL,Apopka,city,56202,only_generic_email_found,planning@apopka.net,https://www.apopka.gov/planning; https://www.apopka.gov/219/Community-Development-Services; https://www.apopka.gov/281/Planning-Zoning; https://www.apopka.gov/293/Planning-Commission; https://www.apopka.gov/directory; https://www.apopka.gov/Directory.aspx; https://www.apopka.gov/directory.aspx; https://www.apopka.gov/directory.aspx?did=29,"raw_emails=planning@apopka.net, jhanson@apopka.net",yes,yes,10,0,2,1,0,0,only_generic_email_found,0,0,,,,,,,,
OR,Tigard,city,55395,no_official_site_found,,,Could not resolve official website (guess + one search),no,no,0,0,0,0,0,0,no_official_site_found,5,0,,,,,,,,
CA,Citrus Heights,city,87036,no_official_site_found,,,Could not resolve official website (guess + one search),no,no,0,0,0,0,0,0,no_official_site_found,5,0,,,,,,,,
MN,Plymouth,city,79526,no_official_site_found,,,Could not resolve official website (guess + one search),no,no,0,0,0,0,0,0,no_official_site_found,5,0,,,,,,,,
MN,Brooklyn Park,city,84349,no_official_site_found,,,"Could not resolve official website (resolver=none, searches=8, rejections=36)",no,no,0,0,0,0,0,0,no_official_site_found,0,0,,,,,,,,
CA,Merced,city,89766,no_planning_contact_found,,,No staff/planning pages returned content on official domain,yes,yes,0,0,0,0,0,0,no_planning_contact_found,0,0,,,,,,,,
MN,Bloomington,city,88838,no_planning_contact_found,,,No staff/planning pages returned content on official domain,yes,yes,0,0,0,0,0,0,no_planning_contact_found,0,0,,,,,,,,
CA,San Leandro,city,88531,no_planning_contact_found,,,No staff/planning pages returned content on official domain,yes,yes,0,0,0,0,0,0,no_planning_contact_found,0,0,,,,,,,,
CA,Santa Barbara,city,88024,no_planning_contact_found,,,No staff/planning pages returned content on official domain,yes,yes,0,0,0,0,0,0,no_planning_contact_found,0,0,,,,,,,,
MN,Duluth,city,86863,only_generic_email_found,planning@duluthmn.gov,https://www.duluthmn.gov/; https://www.duluthmn.gov/planning-development/land-use-zoning-and-applications/zoning-regulations; https://www.duluthmn.gov/planning-development/community-development/program-overview; https://www.duluthmn.gov/planning-development/community-development/annual-funding-process; https://www.duluthmn.gov/planning-development/community-development/resources-for-subrecipients; https://www.duluthmn.gov/planning-development; https://www.duluthmn.gov/public-works-utilities/department-divisions/street-maintenance; https://www.duluthmn.gov/public-works-utilities/department-divisions/utility-operations,"raw_emails=planning@duluthmn.gov, duluthcommdev@duluthmn.gov, cbednar@duluthmn.gov, gguerrero@duluthmn.gov, pwucustomerservice@duluthmn.gov",yes,yes,10,0,6,1,0,0,only_generic_email_found,0,0,,,,,,,,
CA,Manteca,city,86521,only_generic_email_found,info@mantecatransit.com,https://manteca.org/city-of-manteca; https://manteca.org/our-staff; https://manteca.org/contact-us; https://manteca.org/city-of-manteca/contact,"raw_emails=mantecaeng@ci.manteca.ca.us, mantecabuilding@ci.manteca.ca.us, mantecaadminsvc@ci.manteca.ca.us, mantecapw@ci.manteca.ca.us, chamber@manteca.org",yes,no,4,0,19,1,0,0,only_generic_email_found,0,0,,,,,,,,
TX,Mission,city,86234,no_planning_contact_found,,https://www.missioncity.org/staff; https://www.missioncity.org/; https://www.missioncity.org/contact,"raw_emails=magenta-pollen@missioncity.flywheelsites.com, pjackson@missioncity.org; generic=",yes,no,3,0,2,0,0,0,no_planning_contact_found,0,0,,,,,,,,
CA,Hawthorne,city,85933,no_planning_contact_found,,,No staff/planning pages returned content on official domain,yes,yes,0,0,0,0,0,0,no_planning_contact_found,0,0,,,,,,,,
CA,Whittier,city,85925,no_planning_contact_found,,https://www.whittiercity.org/,raw_emails=; generic=,yes,no,1,0,0,0,0,0,no_planning_contact_found,0,0,,,,,,,,
CA,Livermore,city,85870,no_planning_contact_found,,,No staff/planning pages returned content on official domain,yes,yes,0,0,0,0,0,0,no_planning_contact_found,0,0,,,,,,,,
CA,San Ramon,city,85734,no_planning_contact_found,,,No staff/planning pages returned content on official domain,yes,yes,0,0,0,0,0,0,no_planning_contact_found,0,0,,,,,,,,
TX,Baytown,city,84538,only_generic_email_found,planning@baytown.org,https://www.baytown.org/directory; https://www.baytown.org/191/Planning-and-Zoning; https://www.baytown.org/1049/Planning-Development-Services; https://www.baytown.org/Directory.aspx; https://www.baytown.org/Directory.aspx?did=12; https://www.baytown.org/directory.aspx?EID=311; https://www.baytown.org/directory.aspx?EID=315; https://www.baytown.org/Directory.aspx?did=32,"raw_emails=tim.chi@baytown.org, leslie.perez@baytown.org, planning@baytown.org, helen.mongiello@baytown.org",yes,yes,10,0,4,1,4,0,only_generic_email_found,0,0,,,,,,,,
CA,Newport Beach,city,84304,no_planning_contact_found,,https://www.newportbeachca.gov/planning; https://www.newportbeachca.gov/Home/Components/Calendar/Event/81261; https://www.newportbeachca.gov/Home/Components/Calendar/Event/83817; https://www.newportbeachca.gov/government/departments/community-development/planning-division/operational-hours-staff; https://www.newportbeachca.gov/government/departments/community-development/planning-division/zoning-administrator; https://www.newportbeachca.gov/government/departments/community-development; https://www.newportbeachca.gov/government/departments/community-development/planning-division/general-plan-codes-and-regulations/general-plan-update/lower-castaways-and-aquatic-center-site-ad-hoc-committee; https://www.newportbeachca.gov/government/departments/community-development/planning-division,"raw_emails=cwilson@newportbeachca.gov, bramirez@newportbeachca.gov, dkopshever@newportbeachca.gov, tthai@newportbeachca.gov, odaluz@newportbeachca.gov; generic=",yes,yes,10,0,64,0,9,0,no_planning_contact_found,0,0,,,,,,,,
CA,Buena Park,city,83052,no_planning_contact_found,,https://www.cityofbuenapark.org/planning-and-zoning; https://www.cityofbuenapark.org/planning; https://www.cityofbuenapark.org/departments/planning; https://www.cityofbuenapark.org/community-development; https://www.cityofbuenapark.org/development-services; https://www.cityofbuenapark.org/staff; https://www.cityofbuenapark.org/directory; https://www.cityofbuenapark.org/Directory.aspx,raw_emails=; generic=,yes,yes,10,0,0,0,0,0,no_planning_contact_found,0,0,,,,,,,,
TX,Longview,city,82765,no_planning_contact_found,,,No staff/planning pages returned content on official domain,yes,yes,0,0,0,0,0,0,no_planning_contact_found,0,0,,,,,,,,
CA,Redwood City,city,82423,no_planning_contact_found,,,No staff/planning pages returned content on official domain,yes,yes,0,0,0,0,0,0,no_planning_contact_found,0,0,,,,,,,,
CA,Mountain View,city,82363,no_planning_contact_found,,,No staff/planning pages returned content on official domain,yes,yes,0,0,0,0,0,0,no_planning_contact_found,0,0,,,,,,,,
CA,Folsom,city,82140,no_planning_contact_found,,,No staff/planning pages returned content on official domain,yes,yes,0,0,0,0,0,0,no_planning_contact_found,0,0,,,,,,,,
CA,Rancho Cordova,city,80656,no_planning_contact_found,,,No staff/planning pages returned content on official domain,yes,yes,0,0,0,0,0,0,no_planning_contact_found,0,0,,,,,,,,
CA,Lakewood,city,80510,no_planning_contact_found,,https://www.cityoflakewood.org/,raw_emails=; generic=,yes,no,1,0,0,0,0,0,no_planning_contact_found,0,0,,,,,,,,
TX,Pharr,city,79809,no_planning_contact_found,,https://www.txdot.gov/about/districts/pharr-district.html/planning-and-zoning; https://www.txdot.gov/about/districts/pharr-district.html/planning; https://www.txdot.gov/about/districts/pharr-district.html/departments/planning; https://www.txdot.gov/about/districts/pharr-district.html/community-development; https://www.txdot.gov/about/districts/pharr-district.html/development-services; https://www.txdot.gov/about/districts/pharr-district.html/staff; https://www.txdot.gov/about/districts/pharr-district.html/directory; https://www.txdot.gov/about/districts/pharr-district.html/Directory.aspx,raw_emails=; generic=,yes,yes,10,0,0,0,0,0,no_planning_contact_found,0,0,,,,,,,,
CA,Perris,city,79349,only_generic_email_found,info.calshpo@parks.ca.gov,https://www.parks.ca.gov/lakeperris; https://www.parks.ca.gov/Contact-Us; https://www.parks.ca.gov/?page_id=31316; https://www.parks.ca.gov/?page_id=24248,"raw_emails=kathy.bacha@parks.ca.gov, philip.harvey@parks.ca.gov, pubinfo@parks.ca.gov, privacy@parks.ca.gov, localservices@parks.ca.gov",yes,no,4,0,7,1,0,0,only_generic_email_found,0,0,,,,,,,,
CA,Tustin,city,79035,no_planning_contact_found,,https://www.tustincity.org/planning-and-zoning; https://www.tustincity.org/planning; https://www.tustincity.org/departments/planning; https://www.tustincity.org/community-development; https://www.tustincity.org/development-services; https://www.tustincity.org/staff; https://www.tustincity.org/directory; https://www.tustincity.org/Directory.aspx,raw_emails=; generic=,yes,yes,10,0,0,0,0,0,no_planning_contact_found,0,0,,,,,,,,
CA,Upland,city,78940,only_generic_email_found,noreply@revize.com,https://www.uplandca.gov/; https://www.uplandca.gov/development_services/planning/general_plan_zoning_codes_maps.php; https://www.uplandca.gov/development_services/planning/zoning_clearance.php; https://www.uplandca.gov/committees/planning_commission.php; https://www.uplandca.gov/development_services/planning/index.php; https://www.uplandca.gov/development_services/planning/short_term_rentals.php; https://www.uplandca.gov/government/government/city_council_treasurercity_council_treasurerdepartments/city_council_treasurer/index.php; https://www.uplandca.gov/city_council_treasurergovernment/city_council_treasurergovernment/city_council_treasurerdepartments/mission_vision.php,"raw_emails=noreply@revize.com, webpageupdate_subscribers@revize.com, planning@uplandca.gov, uplandcityclerk@uplandca.gov, smaust@uplandca.gov",yes,yes,10,0,13,2,1,0,only_generic_email_found,0,0,,,,,,,,
CA,Napa,city,78816,no_planning_contact_found,,https://www.napacity.org/planning-and-zoning; https://www.napacity.org/planning; https://www.napacity.org/departments/planning; https://www.napacity.org/community-development; https://www.napacity.org/development-services; https://www.napacity.org/staff; https://www.napacity.org/directory; https://www.napacity.org/Directory.aspx,raw_emails=; generic=,yes,yes,10,0,0,0,0,0,no_planning_contact_found,0,0,,,,,,,,
TX,Georgetown,city,78803,only_generic_email_found,planning@georgetowntexas.gov,https://georgetowntexas.gov/planning; https://georgetowntexas.gov/development_services/planning/index.php; https://georgetowntexas.gov/development_services/planning/housing/index.php; https://georgetowntexas.gov/development_services/planning/long_range_planning/georgetown_2030_plan/future_mobility_plan/sidewalk_master_plan/index.php; https://georgetowntexas.gov/development_services/planning/common_application_types/construction_specifications_and_standards.php; https://georgetowntexas.gov/; https://georgetowntexas.gov/development_services/economic_development/index.php; https://georgetowntexas.gov/askgtx,"raw_emails=planning@georgetowntexas.gov, noreply@revize.com, webpageupdate_subscribers@revize.com, david.munk@georgetowntexas.gov, ecodev@georgetowntexas.gov",yes,yes,10,0,36,4,0,0,only_generic_email_found,0,0,,,,,,,,
CA,Milpitas,city,78216,no_planning_contact_found,,https://www.milpitas.gov/31/Residents/planning-and-zoning; https://www.milpitas.gov/31/Residents/planning; https://www.milpitas.gov/31/Residents/community-development; https://www.milpitas.gov/31/Residents/development-services; https://www.milpitas.gov/31/Residents/staff; https://www.milpitas.gov/31/Residents/directory; https://www.milpitas.gov/31/Residents/Directory.aspx; https://www.milpitas.gov/directory.aspx,raw_emails=; generic=,yes,yes,10,0,0,0,0,0,no_planning_contact_found,0,0,,,,,,,,
CA,Chino Hills,city,78024,only_generic_email_found,planning@chinohills.org,https://chinohills.org/planning; https://chinohills.org/1487/How-Do-I; https://chinohills.org/1900/Accessory-Dwelling-Units; https://chinohills.org/120/Community-Development-Director; https://chinohills.org/30/Planning-Commission; https://chinohills.org/121/Planning; https://chinohills.org/18/Community-Development; https://chinohills.org/directory,"raw_emails=planning@chinohills.org, communitydevelopment@chinohills.org, planningcommission@chinohills.org",yes,yes,10,0,3,2,5,0,only_generic_email_found,0,0,,,,,,,,
CA,Pleasanton,city,77500,no_planning_contact_found,,https://www.cityofpleasanton.org/planning-and-zoning; https://www.cityofpleasanton.org/planning; https://www.cityofpleasanton.org/departments/planning; https://www.cityofpleasanton.org/community-development; https://www.cityofpleasanton.org/development-services; https://www.cityofpleasanton.org/staff; https://www.cityofpleasanton.org/directory; https://www.cityofpleasanton.org/Directory.aspx,raw_emails=; generic=,yes,yes,10,0,0,0,0,0,no_planning_contact_found,0,0,,,,,,,,
TX,Cedar Park,city,77474,no_planning_contact_found,,https://cityofcedarpark.org/,raw_emails=; generic=,yes,no,1,0,0,0,0,0,no_planning_contact_found,0,0,,,,,,,,
CA,Bellflower,city,77396,no_planning_contact_found,,https://www.cityofbellflower.org/planning-and-zoning; https://www.cityofbellflower.org/planning; https://www.cityofbellflower.org/departments/planning; https://www.cityofbellflower.org/community-development; https://www.cityofbellflower.org/development-services; https://www.cityofbellflower.org/staff; https://www.cityofbellflower.org/directory; https://www.cityofbellflower.org/Directory.aspx,raw_emails=; generic=,yes,yes,10,0,0,0,0,0,no_planning_contact_found,0,0,,,,,,,,
MN,Woodbury,city,76945,no_planning_contact_found,,https://www.woodburymn.org/,raw_emails=; generic=,yes,no,1,0,0,0,0,0,no_planning_contact_found,0,0,,,,,,,,
CA,Alameda,city,76876,only_generic_email_found,planning@alamedaca.gov,https://www.alamedaca.gov/planning; https://www.alamedaca.gov/Departments/Planning-Building-and-Transportation/Planning-Division/Zoning-Regulations; https://www.alamedaca.gov/Departments/Planning-Building-and-Transportation/Planning-Division/Zoning-Regulations?oc_lang=en-US; https://www.alamedaca.gov/Departments/Planning-Building-and-Transportation/Planning-Division/Zoning-Regulations?oc_lang=es; https://www.alamedaca.gov/Departments/Planning-Building-and-Transportation/Planning-Division/Zoning-Regulations?oc_lang=zh-CN; https://www.alamedaca.gov/; https://www.alamedaca.gov/departments; https://www.alamedaca.gov/GOVERNMENT/Departments-Redirect,"raw_emails=planning@alamedaca.gov, shenry@alamedaca.gov, jowens@alamedaca.gov, rentprogram@alamedaca.gov, pio@alamedaca.gov",yes,yes,10,0,11,2,0,0,only_generic_email_found,0,0,,,,,,,,
CA,Pittsburg,city,75868,no_planning_contact_found,,https://www.teamca.org/membership/member-directory/p/item/26625/city-of-pittsburg/planning-and-zoning; https://www.teamca.org/membership/member-directory/p/item/26625/city-of-pittsburg/departments/planning; https://www.teamca.org/membership/member-directory/p/item/26625/city-of-pittsburg/planning; https://www.teamca.org/membership/member-directory/p/item/26625/city-of-pittsburg/community-development; https://www.teamca.org/membership/member-directory/p/item/26625/city-of-pittsburg; https://www.teamca.org/about-teamca/contact-us; https://www.teamca.org/teamca/about-teamca/contact-us; https://www.teamca.org/ca-opportunity/sites-and-buildings,"raw_emails=robin@teamca.org, rhickscarrera@pittsburgca.gov; generic=",yes,no,8,0,2,0,0,0,no_planning_contact_found,0,0,,,,,,,,
TX,Mansfield,city,75398,only_generic_email_found,permits@mansfieldtexas.gov,https://www.mansfieldtexas.gov/planning; https://www.mansfieldtexas.gov/FormCenter/Planning-Zoning-14/ZONING-CHANGE-APPLICATION-115; https://www.mansfieldtexas.gov/FormCenter/Planning-Zoning-14/ZONING-BOARD-OF-ADJUSTMENT-APPLICATION-117; https://www.mansfieldtexas.gov/2172/Development-Services-Customer-Satisfacti; https://www.mansfieldtexas.gov/331/Planning; https://www.mansfieldtexas.gov/directory; https://www.mansfieldtexas.gov/Directory.aspx; https://www.mansfieldtexas.gov/Directory.aspx?did=23,"raw_emails=permits@mansfieldtexas.gov, katasha.smithers@mansfieldtexas.gov, planning@mansfieldtexas.gov",yes,yes,10,0,3,2,2,0,only_generic_email_found,0,0,,,,,,,,
TX,Missouri City,city,75234,only_generic_email_found,planning@missouricitytx.gov,https://tx-missouricity.civicplus.com/1188/23260/New-Resident-Resources; https://tx-missouricity.civicplus.com/directory.aspx; https://tx-missouricity.civicplus.com/349/Planning-Zoning-Fees; https://tx-missouricity.civicplus.com/AlertCenter.aspx?AID=New-Planning-Zoning-Fees-116; https://tx-missouricity.civicplus.com/842/Development-Services; https://tx-missouricity.civicplus.com/943/Community-Development; https://tx-missouricity.civicplus.com/251/Community-Development-Block-Grant-CDBG; https://tx-missouricity.civicplus.com/Directory.aspx?did=67,"raw_emails=planning@missouricitytx.gov, mctxplanning@missouricitytx.gov, permits@missouricitytx.gov, cdbg@missouricitytx.gov",yes,yes,10,0,4,2,0,0,only_generic_email_found,0,0,,,,,,,,
CA,Redlands,city,72985,no_planning_contact_found,,,No staff/planning pages returned content on official domain,yes,yes,0,0,0,0,0,0,no_planning_contact_found,0,0,,,,,,,,
CA,Turlock,city,72400,no_planning_contact_found,,https://www.cityofturlock.org/planning-and-zoning; https://www.cityofturlock.org/planning; https://www.cityofturlock.org/departments/planning; https://www.cityofturlock.org/community-development; https://www.cityofturlock.org/development-services; https://www.cityofturlock.org/staff; https://www.cityofturlock.org/directory; https://www.cityofturlock.org/Directory.aspx,raw_emails=; generic=,yes,yes,10,0,0,0,0,0,no_planning_contact_found,0,0,,,,,,,,
FL,Sunrise,city,96633,no_planning_contact_found,,https://www.cityofsunrise.org/planning-and-zoning; https://www.cityofsunrise.org/planning; https://www.cityofsunrise.org/departments/planning; https://www.cityofsunrise.org/community-development; https://www.cityofsunrise.org/development-services; https://www.cityofsunrise.org/staff; https://www.cityofsunrise.org/directory; https://www.cityofsunrise.org/Directory.aspx,raw_emails=; generic=,yes,yes,10,0,0,0,0,0,no_planning_contact_found,0,0,,,,,,,,
MI,Troy,city,87307,only_generic_email_found,noreply@troymi.gov,https://www.troymi.gov/planning; https://www.troymi.gov/departments/planning; https://www.troymi.gov/departments/planning/index.php; https://www.troymi.gov/departments/planning/city_master_plan.php; https://www.troymi.gov/departments/planning/big_beaver_corridor_study.php; https://www.troymi.gov/; https://www.troymi.gov/departments; https://www.troymi.gov/departments/city_treasurer/index.php,"raw_emails=noreply@troymi.gov, subscribers@troymi.gov",yes,yes,10,0,2,1,3,0,only_generic_email_found,0,0,,,,,,,,
GA,Alpharetta,city,66355,no_planning_contact_found,,https://www.alpharettaga.org/planning-and-zoning; https://www.alpharettaga.org/planning; https://www.alpharettaga.org/departments/planning; https://www.alpharettaga.org/community-development; https://www.alpharettaga.org/development-services; https://www.alpharettaga.org/staff; https://www.alpharettaga.org/directory; https://www.alpharettaga.org/Directory.aspx,raw_emails=; generic=,yes,yes,10,0,0,0,0,0,no_planning_contact_found,0,0,,,,,,,,
WI,Kenosha,city,99147,no_planning_contact_found,,,No staff/planning pages returned content on official domain,yes,yes,0,0,0,0,0,0,no_planning_contact_found,0,0,,,,,,,,
FL,Boca Raton,city,98833,no_planning_contact_found,,,No staff/planning pages returned content on official domain,yes,yes,0,0,0,0,0,0,no_planning_contact_found,0,0,,,,,,,,
VA,Roanoke,city,98677,no_planning_contact_found,,https://www.cityofroanoke.org/,raw_emails=; generic=,yes,no,1,0,0,0,0,0,no_planning_contact_found,0,0,,,,,,,,
OR,Beaverton,city,97502,no_planning_contact_found,,https://www.citydirectory.us/city-beaverton-oregon.html; https://www.citydirectory.us/contact.html; https://www.citydirectory.us/; https://www.citydirectory.us/vital-records-office-finder.html; https://www.citydirectory.us/counties.html,raw_emails=; generic=,yes,no,5,0,0,0,0,0,no_planning_contact_found,0,0,,,,,,,,
VA,Portsmouth,city,97299,no_planning_contact_found,,https://archive.org/details/pmouva-Portsmouth_Planning_Department_s_Upcoming_Innovation_District_Public_Hearings_Portsmouth_V; https://archive.org/,raw_emails=; generic=,yes,yes,2,0,0,0,0,0,no_planning_contact_found,0,0,,,,,,,,
WA,Yakima,city,96810,no_planning_contact_found,,,No staff/planning pages returned content on official domain,yes,yes,0,0,0,0,0,0,no_planning_contact_found,0,0,,,,,,,,
VA,Suffolk,city,96638,no_planning_contact_found,,http://www.suffolkvatax.us/planning-and-zoning; http://www.suffolkvatax.us/planning; http://www.suffolkvatax.us/departments/planning; http://www.suffolkvatax.us/community-development; http://www.suffolkvatax.us/development-services; http://www.suffolkvatax.us/staff; http://www.suffolkvatax.us/directory; http://www.suffolkvatax.us/Directory.aspx,raw_emails=; generic=,yes,yes,10,0,0,0,0,0,no_planning_contact_found,0,0,,,,,,,,
FL,Deltona,city,95682,no_planning_contact_found,,https://www.deltonafl.gov/directory; https://www.deltonafl.gov/Directory.aspx; https://www.deltonafl.gov/Directory.aspx?did=30; https://www.deltonafl.gov/364/Planning-Development-Services; https://www.deltonafl.gov/Directory.aspx?did=20; https://www.deltonafl.gov/; https://www.deltonafl.gov/formcenter/Departments-5/Contact-Us-46; https://www.deltonafl.gov/formcenter/departments-5/contact-us-46,raw_emails=comdev@deltonafl.gov; generic=,yes,yes,10,0,1,0,1,0,no_planning_contact_found,0,0,,,,,,,,
PA,Reading,city,94836,only_generic_email_found,zoning@readingpa.gov,https://www.readingpa.gov/; https://www.readingpa.gov/zoning-and-planning; https://www.readingpa.gov/housing-and-community-development; https://www.readingpa.gov/planning-and-land-development; http://www.readingpa.gov/index.php/zoning-and-planning; https://www.readingpa.gov/planning-commission-1; https://www.readingpa.gov/press-releases/1930-reading-police-department-temporarily-relocating-desk-sergeant-and-dispatch-operations-to-berks-county-courthouse; https://www.readingpa.gov/calendar/zoning-hearing-board-15,raw_emails=zoning@readingpa.gov,yes,yes,10,0,1,1,2,0,only_generic_email_found,0,0,,,,,,,,
MI,Livonia,city,94058,jurisdiction_mismatch,,http://ci.livonia.mi.us/directory; http://ci.livonia.mi.us/Directory.aspx; http://ci.livonia.mi.us/Directory.aspx?did=18; http://ci.livonia.mi.us/237/Planning; http://ci.livonia.mi.us/255/Planning-Commission; http://ci.livonia.mi.us/Directory.aspx?did=20; http://ci.livonia.mi.us/?level=1; http://ci.livonia.mi.us/101/Departments,"domain implies IA, not MI: https://livonia.gov",yes,yes,9,0,4,2,1,1,jurisdiction_mismatch,0,0,,,,,,,,
FL,Plantation,city,94002,no_planning_contact_found,,,No staff/planning pages returned content on official domain,yes,yes,0,0,0,0,0,0,no_planning_contact_found,0,0,,,,,,,,
GA,Roswell,city,92577,no_official_site_found,,,"Could not resolve official website (resolver=none, searches=8, rejections=38)",no,no,0,0,0,0,0,0,no_official_site_found,0,0,,,,,,,,
WA,Bellingham,city,92367,no_planning_contact_found,,https://www.bellinghamwa.org/,raw_emails=; generic=,yes,no,1,0,0,0,0,0,no_planning_contact_found,0,0,,,,,,,,
WA,Kirkland,city,91614,no_planning_contact_found,,https://www.kirklandwa.gov/; https://www.kirklandwa.gov/Government/Staff-Directory; https://www.kirklandwa.gov/Government/Contact-Us/Staff-Directory?oc_lang=en-US; https://www.kirklandwa.gov/Government/Contact-Us/Staff-Directory?oc_lang=es; https://www.kirklandwa.gov/Government/Contact-Us/Staff-Directory?oc_lang=zh-CN; https://www.kirklandwa.gov/Government/Departments/Finance-and-Administration/Customer-Accounts/Utility-Billing/Pay-a-Utility-Bill; https://www.kirklandwa.gov/Government/Departments/Finance-and-Administration/Our-Kirkland; https://www.kirklandwa.gov/Government/Departments/Development-Services-Center/Development-Services-Virtual-Appointments,"raw_emails=utilitybilling@kirklandwa.gov, i405sr167program@wsdot.wa.gov, developmentservicesvirtualappintments@cityofkirkland.onmicrosoft.com; generic=",yes,yes,10,0,3,0,0,0,no_planning_contact_found,0,0,,,,,,,,
CT,Norwalk,city,91375,no_planning_contact_found,,https://www.cityofnorwalk.org/planning-and-zoning; https://www.cityofnorwalk.org/planning; https://www.cityofnorwalk.org/departments/planning; https://www.cityofnorwalk.org/community-development; https://www.cityofnorwalk.org/development-services; https://www.cityofnorwalk.org/staff; https://www.cityofnorwalk.org/directory; https://www.cityofnorwalk.org/Directory.aspx,raw_emails=; generic=,yes,yes,10,0,0,0,0,0,no_planning_contact_found,0,0,,,,,,,,
FL,Deerfield Beach,city,86742,no_official_site_found,,,"Could not resolve official website (resolver=none, searches=8, rejections=40)",no,no,0,0,0,0,0,0,no_official_site_found,0,0,,,,,,,,
OR,Medford,city,85794,only_generic_email_found,planning@cityofmedford.org,https://www.medfordoregon.gov/Home; https://www.medfordoregon.gov/Business/Development-Services/Planning-Zoning-Dev-Services; https://www.medfordoregon.gov/Government/Departments/Planning/Planning-Zoning-Landing-Page?oc_lang=en-US; https://www.medfordoregon.gov/Government/Departments/Planning/Planning-Zoning-Landing-Page?oc_lang=es; https://www.medfordoregon.gov/Government/Departments/Planning/Planning-Zoning-Landing-Page/Comprehensive-Plan; https://www.medfordoregon.gov/Government/Departments/Planning/Planning-Zoning-Landing-Page/Information-Center,"raw_emails=recorder@cityofmedford.org, planning@cityofmedford.org",yes,yes,6,0,2,1,0,0,only_generic_email_found,0,0,,,,,,,,
FL,Melbourne,city,85718,only_generic_email_found,community.development@mlbfl.org,https://www.melbournefl.org/; https://www.melbournefl.org/departments,"raw_emails=city.hall@mlbfl.org, city.manager@mlbfl.org, city.attorney@mlbfl.org, code.compliance@mlbfl.org, city.clerk@mlbfl.org",yes,no,2,0,8,1,0,0,only_generic_email_found,0,0,,,,,,,,
WA,Auburn,city,85455,no_planning_contact_found,,https://www.auburnwa.org/,raw_emails=; generic=,yes,no,1,0,0,0,0,0,no_planning_contact_found,0,0,,,,,,,,
WA,Kennewick,city,84389,no_planning_contact_found,,,No staff/planning pages returned content on official domain,yes,yes,0,0,0,0,0,0,no_planning_contact_found,0,0,,,,,,,,
MI,Westland,city,84155,no_planning_contact_found,,https://cityofwestland.org/planning-and-zoning; https://cityofwestland.org/planning; https://cityofwestland.org/departments/planning; https://cityofwestland.org/community-development; https://cityofwestland.org/development-services; https://cityofwestland.org/staff; https://cityofwestland.org/directory; https://cityofwestland.org/Directory.aspx,raw_emails=; generic=,yes,yes,10,0,0,0,0,0,no_planning_contact_found,0,0,,,,,,,,
MI,Farmington Hills,city,83316,no_planning_contact_found,,https://www.farmingtonhillsmi.org/,"raw_emails=doc@model.id, 03d@2x.png; generic=",yes,no,1,0,2,0,0,0,no_planning_contact_found,0,0,,,,,,,,
RI,Warwick,city,82871,no_planning_contact_found,,,No staff/planning pages returned content on official domain,yes,yes,0,0,0,0,0,0,no_planning_contact_found,0,0,,,,,,,,
FL,Largo,city,82506,no_official_site_found,,,"Could not resolve official website (resolver=none, searches=8, rejections=40)",no,no,0,0,0,0,0,0,no_official_site_found,0,0,,,,,,,,
GA,Warner Robins,city,81438,no_planning_contact_found,,,No staff/planning pages returned content on official domain,yes,yes,0,0,0,0,0,0,no_planning_contact_found,0,0,,,,,,,,
MI,Flint,city,80835,no_planning_contact_found,,https://healthyplacesbydesign.org/communities-in-action-flint-mi; https://healthyplacesbydesign.org/communities-in-action-flint-mi/contact; https://healthyplacesbydesign.org/contact,"raw_emails=risaw@healthyplacesbydesign.org, lholaly@crim.org, slpanken@michiganfitness.org, hello@healthyplacesbydesign.org; generic=",yes,no,3,0,4,0,0,0,no_planning_contact_found,0,0,,,,,,,,
FL,Homestead,city,80725,no_planning_contact_found,,https://www.homesteadfl.gov/staff; https://www.homesteadfl.gov/directory; https://www.homesteadfl.gov/Directory.aspx; https://www.homesteadfl.gov/Directory.aspx?did=13; https://www.homesteadfl.gov/; https://www.homesteadfl.gov/CivicAlerts.aspx?AID=4169; https://www.homesteadfl.gov/CivicAlerts.aspx?AID=4264; https://www.homesteadfl.gov/CivicAlerts.aspx?AID=4163,"raw_emails=name@example.com, bids@homesteadfl.gov; generic=",yes,no,10,0,2,0,0,0,no_planning_contact_found,0,0,,,,,,,,
FL,Boynton Beach,city,80601,no_planning_contact_found,,https://www.boynton-beach.org/257/Planning-Zoning; https://www.boynton-beach.org/development-services; https://www.boynton-beach.org/directory; https://www.boynton-beach.org/Directory.aspx; https://www.boynton-beach.org/directory.aspx; https://www.boynton-beach.org/directory.aspx?did=28; https://www.boynton-beach.org/; https://www.boynton-beach.org/departments,"raw_emails=pzmailbox@bbfl.us, hr@bbfl.us, buildingm@bbfl.us; generic=",yes,yes,10,0,3,0,0,0,no_planning_contact_found,0,0,,,,,,,,
FL,North Port,city,80512,only_generic_email_found,info@cityofnorthport.org,https://www.cityofnorthport.org/directory; https://www.cityofnorthport.org/191/Planning-Inspections; https://www.cityofnorthport.org/245/Planning-Zoning-Commission; https://www.cityofnorthport.org/Directory.aspx; https://www.cityofnorthport.org/Directory.aspx?did=16; https://www.cityofnorthport.org/Directory.aspx?did=10; https://www.cityofnorthport.org/; https://www.cityofnorthport.org/101/Departments,"raw_emails=info@cityofnorthport.org, planning@cityofnorthport.org, wbostick@cityofnorthport.org",yes,yes,10,0,3,2,4,0,only_generic_email_found,0,0,,,,,,,,
WA,Pasco,city,78446,no_planning_contact_found,,https://www.doineedapermit.org/permits/bathroom-remodel/pasco-wa; https://www.doineedapermit.org/contact; https://www.doineedapermit.org/permits/cities/pasco-wa; https://www.doineedapermit.org/permits/bathroom-remodel; https://www.doineedapermit.org/permits/bathroom-remodel/flagstaff-az; https://www.doineedapermit.org/permits/cities/flagstaff-az; https://www.doineedapermit.org/permits/kitchen-remodel/flagstaff-az; https://www.doineedapermit.org/permits/room-addition/flagstaff-az,"raw_emails=hello@doineedapermit.org, kit@doineedapermit.org, research@doineedapermit.org, buildingpermits@flagstaffaz.gov; generic=",yes,no,10,0,4,0,0,0,no_planning_contact_found,0,0,,,,,,,,
WI,Racine,city,77155,no_planning_contact_found,,https://www.cityofracine.org/planning; https://www.cityofracine.org/departments/planning; https://www.cityofracine.org/staff; https://www.cityofracine.org/; https://www.cityofracine.org/departments; https://www.cityofracine.org/zoning; https://www.cityofracine.org/faqs?departments=attorney; https://www.cityofracine.org/faqs?departments=city-clerk-treasurer,"raw_emails=cdvplanning@cityofracine.org, chosen-sprite@2x.png, housing@cityofracine.org, cda.applications@cityofracine.org, assessor.office@cityofracine.org; generic=",yes,yes,10,0,7,0,0,0,no_planning_contact_found,0,0,,,,,,,,
PA,Bethlehem,city,77069,only_generic_email_found,info@trustthepineapple.com,https://www.cityofbethlehem.org/,raw_emails=info@trustthepineapple.com,yes,no,1,0,1,1,0,0,only_generic_email_found,0,0,,,,,,,,
FL,Doral,city,76490,no_planning_contact_found,,https://islandsdoralnecdd.org/; https://islandsdoralnecdd.org/contact-us; https://islandsdoralnecdd.org/contact; https://islandsdoralnecdd.org/blog/author/admin,"raw_emails=denisschiavi@hotmail.com, gperez@sdsinc.org, casimbero@yahoo.com, d_cuneo@aol.com, nfg2184@gmail.com; generic=",yes,no,4,0,5,0,0,0,no_planning_contact_found,0,0,,,,,,,,
MI,Rochester Hills,city,76086,no_planning_contact_found,,,No staff/planning pages returned content on official domain,yes,yes,0,0,0,0,0,0,no_planning_contact_found,0,0,,,,,,,,
PA,Scranton,city,76074,no_planning_contact_found,,,No staff/planning pages returned content on official domain,yes,yes,0,0,0,0,0,0,no_planning_contact_found,0,0,,,,,,,,
MI,Southfield,city,76025,no_planning_contact_found,,https://cityofsouthfield.org/planning-and-zoning; https://cityofsouthfield.org/planning; https://cityofsouthfield.org/departments/planning; https://cityofsouthfield.org/community-development; https://cityofsouthfield.org/development-services; https://cityofsouthfield.org/staff; https://cityofsouthfield.org/directory; https://cityofsouthfield.org/Directory.aspx,raw_emails=; generic=,yes,yes,10,0,0,0,0,0,no_planning_contact_found,0,0,,,,,,,,
FL,Daytona Beach,city,75924,only_generic_email_found,clerk@codb.us,https://www.daytonabeach.gov/8/Departments/planning-and-zoning; https://www.daytonabeach.gov/8/Departments/planning; https://www.daytonabeach.gov/8/Departments/community-development; https://www.daytonabeach.gov/8/Departments/development-services; https://www.daytonabeach.gov/199/Community-Development; https://www.daytonabeach.gov/8/Departments/staff; https://www.daytonabeach.gov/8/Departments/directory; https://www.daytonabeach.gov/8/Departments/Directory.aspx,"raw_emails=cityofdaytonabeachutilities@codbus.onmicrosoft.com, clerk@codb.us",yes,yes,10,0,2,1,0,0,only_generic_email_found,0,0,,,,,,,,
WA,Redmond,city,75721,no_official_site_found,,,"Could not resolve official website (resolver=none, searches=8, rejections=37)",no,no,0,0,0,0,0,0,no_official_site_found,0,0,,,,,,,,
MT,Missoula,city,75600,no_planning_contact_found,,https://www.missoulamt.org/planning-and-zoning; https://www.missoulamt.org/planning; https://www.missoulamt.org/departments/planning; https://www.missoulamt.org/community-development; https://www.missoulamt.org/development-services; https://www.missoulamt.org/staff; https://www.missoulamt.org/directory; https://www.missoulamt.org/Directory.aspx,raw_emails=; generic=,yes,yes,10,0,0,0,0,0,no_planning_contact_found,0,0,,,,,,,,
RI,Pawtucket,city,75280,no_planning_contact_found,,,No staff/planning pages returned content on official domain,yes,yes,0,0,0,0,0,0,no_planning_contact_found,0,0,,,,,,,,
WI,Appleton,city,74873,no_planning_contact_found,,https://www.cityofappleton.org/planning-and-zoning; https://www.cityofappleton.org/planning; https://www.cityofappleton.org/departments/planning; https://www.cityofappleton.org/community-development; https://www.cityofappleton.org/development-services; https://www.cityofappleton.org/staff; https://www.cityofappleton.org/directory; https://www.cityofappleton.org/Directory.aspx,raw_emails=; generic=,yes,yes,10,0,0,0,0,0,no_planning_contact_found,0,0,,,,,,,,
FL,Lauderhill,city,73961,no_planning_contact_found,,https://www.lauderhillfl.org/planning-and-zoning; https://www.lauderhillfl.org/planning; https://www.lauderhillfl.org/departments/planning; https://www.lauderhillfl.org/community-development; https://www.lauderhillfl.org/development-services; https://www.lauderhillfl.org/staff; https://www.lauderhillfl.org/directory; https://www.lauderhillfl.org/Directory.aspx,raw_emails=; generic=,yes,yes,10,0,0,0,0,0,no_planning_contact_found,0,0,,,,,,,,
CT,New Britain,city,73301,no_planning_contact_found,,,No staff/planning pages returned content on official domain,yes,yes,0,0,0,0,0,0,no_planning_contact_found,0,0,,,,,,,,
MI,Kalamazoo,city,73132,no_planning_contact_found,,https://cityofkalamazoo.org/planning-and-zoning; https://cityofkalamazoo.org/planning; https://cityofkalamazoo.org/departments/planning; https://cityofkalamazoo.org/community-development; https://cityofkalamazoo.org/development-services; https://cityofkalamazoo.org/staff; https://cityofkalamazoo.org/directory; https://cityofkalamazoo.org/Directory.aspx,raw_emails=; generic=,yes,yes,10,0,0,0,0,0,no_planning_contact_found,0,0,,,,,,,,
FL,Tamarac,city,71887,no_planning_contact_found,,https://www.cityoftamarac.org/planning-and-zoning; https://www.cityoftamarac.org/planning; https://www.cityoftamarac.org/departments/planning; https://www.cityoftamarac.org/community-development; https://www.cityoftamarac.org/development-services; https://www.cityoftamarac.org/staff; https://www.cityoftamarac.org/directory; https://www.cityoftamarac.org/Directory.aspx,raw_emails=; generic=,yes,yes,10,0,0,0,0,0,no_planning_contact_found,0,0,,,,,,,,
WA,Marysville,city,71570,no_planning_contact_found,,https://www.marysvillewa.gov/directory; https://www.marysvillewa.gov/Directory.aspx; https://www.marysvillewa.gov/Directory.aspx?did=25; https://www.marysvillewa.gov/Directory.aspx?did=4; https://www.marysvillewa.gov/,raw_emails=; generic=,yes,no,5,0,0,0,0,0,no_planning_contact_found,0,0,,,,,,,,
DE,Wilmington,city,71124,no_planning_contact_found,,,No staff/planning pages returned content on official domain,yes,yes,0,0,0,0,0,0,no_planning_contact_found,0,0,,,,,,,,
WI,Waukesha,city,70779,only_generic_email_found,noreply@waukesha-wi.gov,https://www.waukesha-wi.gov/; https://www.waukesha-wi.gov/departments/community-development.php; https://www.waukesha-wi.gov/proactive-planning.php; https://www.waukesha-wi.gov/departments; https://www.waukesha-wi.gov/employee-resources.php; https://www.waukesha-wi.gov/government/departments/inspections.php; https://www.waukesha-wi.gov/departments/index.php; https://www.waukesha-wi.gov/departments/assessors-office.php,"raw_emails=webpageupdate_subscribers@revize.com, noreply@waukesha-wi.gov, mbinder@waukesha-wi.gov, amcalpine@waukesha-wi.gov, plenti@waukesha-wi.gov",yes,yes,10,0,7,1,1,0,only_generic_email_found,0,0,,,,,,,,
FL,Weston,city,67952,no_planning_contact_found,,https://www.cityofweston.org/; https://www.cityofweston.org/departments; https://www.cityofweston.org/departments/boards-and-commissions; https://www.cityofweston.org/departments/city-council; https://www.cityofweston.org/departments/city-hall; https://www.cityofweston.org/departments/public-works; https://www.cityofweston.org/departments/library; https://www.cityofweston.org/more/zoning-ordinances,"raw_emails=support@webador.com, annie_williamsdavisboyd@outlook.com, winn.arlene@gmail.com, dragonslayerh33@gmail.com, recorder@cityofwestonoregon.com; generic=",yes,no,10,0,12,0,0,0,no_planning_contact_found,0,0,,,,,,,,
FL,Delray Beach,city,66940,no_planning_contact_found,,,No staff/planning pages returned content on official domain,yes,yes,0,0,0,0,0,0,no_planning_contact_found,0,0,,,,,,,,
WA,Sammamish,city,66375,no_planning_contact_found,,https://sammamishwa.gov/; https://sammamishwa.gov/government/community-development; https://sammamishwa.gov/government/contact-info; https://sammamishwa.gov/government/administrative-services,"raw_emails=hr@sammamish.us, permittech@sammamish.us, frontdesk@sammamish.us, communications@sammamish.us, amillar@sammamish.us; generic=",yes,yes,4,0,6,0,0,0,no_planning_contact_found,0,0,,,,,,,,
WI,Oshkosh,city,66247,no_planning_contact_found,,https://www.oshkoshwi.gov/planning-and-zoning; https://www.oshkoshwi.gov/planning; https://www.oshkoshwi.gov/departments/planning; https://www.oshkoshwi.gov/community-development; https://www.oshkoshwi.gov/development-services; https://www.oshkoshwi.gov/staff; https://www.oshkoshwi.gov/directory; https://www.oshkoshwi.gov/HumanResources/EmployeeRecognitionProgram.aspx,raw_emails=; generic=,yes,yes,10,0,0,0,0,0,no_planning_contact_found,0,0,,,,,,,,
WI,Janesville,city,65813,no_planning_contact_found,,https://cms.ci.janesville.wi.us/iFrame_Apps/eGovServices.aspx/planning-and-zoning; https://cms.ci.janesville.wi.us/iFrame_Apps/eGovServices.aspx/planning; https://cms.ci.janesville.wi.us/iFrame_Apps/eGovServices.aspx/departments/planning; https://cms.ci.janesville.wi.us/iFrame_Apps/eGovServices.aspx/community-development; https://cms.ci.janesville.wi.us/iFrame_Apps/eGovServices.aspx/development-services; https://cms.ci.janesville.wi.us/iFrame_Apps/eGovServices.aspx/staff; https://cms.ci.janesville.wi.us/iFrame_Apps/eGovServices.aspx/directory; https://cms.ci.janesville.wi.us/iFrame_Apps/eGovServices.aspx/Directory.aspx,raw_emails=; generic=,yes,yes,10,0,0,0,0,0,no_planning_contact_found,0,0,,,,,,,,
FL,Ocala,city,64903,no_planning_contact_found,,,No staff/planning pages returned content on official domain,yes,yes,0,0,0,0,0,0,no_planning_contact_found,0,0,,,,,,,,
FL,Port Orange,city,63818,only_generic_email_found,customerservice@port-orange.org,https://cityofportorangefl.municipalonlinepayments.com/cityofportorangefl/contact/planning-and-zoning; https://cityofportorangefl.municipalonlinepayments.com/cityofportorangefl/contact?returnUrl=%2Fcityofportorangefl%2Fcontact%2Fplanning-and-zoning; https://cityofportorangefl.municipalonlinepayments.com/cityofportorangefl/login?returnUrl=%2Fcityofportorangefl%2Fcontact%2Fplanning-and-zoning; https://cityofportorangefl.municipalonlinepayments.com/cityofportorangefl/contact?returnUrl=%2Fcityofportorangefl%2Fcontact%3FreturnUrl%3D%252Fcityofportorangefl%252Fcontact%252Fplanning-and-zoning; https://cityofportorangefl.municipalonlinepayments.com/cityofportorangefl/login?returnUrl=%2Fcityofportorangefl%2Fcontact%3FreturnUrl%3D%252Fcityofportorangefl%252Fcontact%252Fplanning-and-zoning; https://cityofportorangefl.municipalonlinepayments.com/cityofportorangefl/contact/staff; https://cityofportorangefl.municipalonlinepayments.com/cityofportorangefl/contact/directory; https://cityofportorangefl.municipalonlinepayments.com/cityofportorangefl/contact/Directory.aspx,raw_emails=customerservice@port-orange.org,yes,yes,10,0,1,1,0,0,only_generic_email_found,0,0,,,,,,,,
WA,Lakewood,city,63034,no_planning_contact_found,,https://www.cityoflakewood.org/,raw_emails=; generic=,yes,no,1,0,0,0,0,0,no_planning_contact_found,0,0,,,,,,,,
MI,Taylor,city,62405,no_planning_contact_found,,http://www.ci.taylor.mi.us/1168/Contact-Us/planning-and-zoning; http://www.ci.taylor.mi.us/1168/Contact-Us/planning; http://www.ci.taylor.mi.us/1168/Contact-Us/community-development; http://www.ci.taylor.mi.us/1168/Contact-Us/development-services; http://www.ci.taylor.mi.us/1168/Contact-Us/Directory.aspx; http://www.ci.taylor.mi.us/1168/Contact-Us/staff; http://www.ci.taylor.mi.us/1168/Contact-Us/directory; http://www.ci.taylor.mi.us/directory.aspx,raw_emails=kziomek@cityoftaylormi.gov; generic=,yes,yes,10,0,1,0,0,0,no_planning_contact_found,0,0,,,,,,,,
FL,Sanford,city,62292,no_planning_contact_found,,https://www.sanfordfl.gov/planning-and-zoning; https://www.sanfordfl.gov/planning; https://www.sanfordfl.gov/departments/planning; https://www.sanfordfl.gov/community-development; https://www.sanfordfl.gov/development-services; https://www.sanfordfl.gov/; https://www.sanfordfl.gov/contact,"raw_emails=edwige.josue@sanfordfl.gov, patrick.austin@sanfordfl.gov, claudia.thomas@sanfordfl.gov, sheena.britton@sanfordfl.gov, kerry.wiggins@sanfordfl.gov; generic=",yes,yes,7,0,5,0,0,0,no_planning_contact_found,0,0,,,,,,,,
